{"cameraMode":{"drawMode":0,"name":"Shaded","section":"Shading Mode"},"sceneLighting":false,"audioPlay":false,"sceneViewState":{"showFog":true,"showMaterialUpdate":false,"showSkybox":true,"showFlares":true,"showImageEffects":true,"showParticleSystems":true},"in2DMode":false,"pivot":{"x":-6.1007771492004398,"y":-3.3073766231536867,"z":6.421403884887695},"rotation":{"x":-0.11851255595684052,"y":0.01697610504925251,"z":-0.0020262214820832016,"w":-0.9928053617477417},"size":5.639279365539551,"orthographic":false}