{"cameraMode":{"drawMode":0,"name":"Shaded","section":"Shading Mode"},"sceneLighting":false,"audioPlay":false,"sceneViewState":{"showFog":true,"showMaterialUpdate":false,"showSkybox":true,"showFlares":true,"showImageEffects":true,"showParticleSystems":true},"in2DMode":false,"pivot":{"x":-0.590693473815918,"y":8.23896312713623,"z":-0.03668179735541344},"rotation":{"x":0.2108190506696701,"y":-0.1832004189491272,"z":0.04025939851999283,"w":0.9593602418899536},"size":17.514957427978517,"orthographic":false}