{"cameraMode":{"drawMode":0,"name":"Shaded","section":"Shading Mode"},"sceneLighting":false,"audioPlay":false,"sceneViewState":{"showFog":true,"showMaterialUpdate":false,"showSkybox":true,"showFlares":true,"showImageEffects":true,"showParticleSystems":true},"in2DMode":false,"pivot":{"x":0.15600000321865083,"y":0.1747613102197647,"z":0.19299998879432679},"rotation":{"x":-0.12894776463508607,"y":0.005056394729763269,"z":-0.0006539123714901507,"w":-0.9916382431983948},"size":3.225297212600708,"orthographic":false}