{"cameraMode":{"drawMode":0,"name":"Shaded","section":"Shading Mode"},"sceneLighting":false,"audioPlay":false,"sceneViewState":{"showFog":true,"showMaterialUpdate":false,"showSkybox":true,"showFlares":true,"showImageEffects":true,"showParticleSystems":true},"in2DMode":false,"pivot":{"x":5.295246124267578,"y":-4.622637748718262,"z":7.967742919921875},"rotation":{"x":-0.18214190006256104,"y":0.038923636078834537,"z":-0.00721655273810029,"w":-0.9824750423431397},"size":14.284453392028809,"orthographic":false}