{"cameraMode":{"drawMode":0,"name":"Shaded","section":"Shading Mode"},"sceneLighting":false,"audioPlay":false,"sceneViewState":{"showFog":true,"showMaterialUpdate":false,"showSkybox":true,"showFlares":true,"showImageEffects":true,"showParticleSystems":true},"in2DMode":false,"pivot":{"x":12.938591003417969,"y":-0.2639641761779785,"z":-0.2994346618652344},"rotation":{"x":-0.11063628643751145,"y":-0.08873135596513748,"z":0.009917644783854485,"w":-0.9898424744606018},"size":20.901691436767579,"orthographic":false}