{"cameraMode":{"drawMode":0,"name":"Shaded","section":"Shading Mode"},"sceneLighting":false,"audioPlay":false,"sceneViewState":{"showFog":true,"showMaterialUpdate":false,"showSkybox":true,"showFlares":true,"showImageEffects":true,"showParticleSystems":true},"in2DMode":false,"pivot":{"x":-0.3906182646751404,"y":-1.8658465147018433,"z":1.938362717628479},"rotation":{"x":0.08868678659200669,"y":0.01257714256644249,"z":-0.001115569262765348,"w":0.9959796071052551},"size":22.102214813232423,"orthographic":false}