{"cameraMode":{"drawMode":0,"name":"Shaded","section":"Shading Mode"},"sceneLighting":false,"audioPlay":false,"sceneViewState":{"showFog":true,"showMaterialUpdate":false,"showSkybox":true,"showFlares":true,"showImageEffects":true,"showParticleSystems":true},"in2DMode":false,"pivot":{"x":-0.640999972820282,"y":-3.761265754699707,"z":0.0},"rotation":{"x":-0.05805068090558052,"y":-0.2685573101043701,"z":0.016216224059462549,"w":-0.9613762497901917},"size":3.8198037147521974,"orthographic":false}