{"cameraMode":{"drawMode":0,"name":"Shaded","section":"Shading Mode"},"sceneLighting":false,"audioPlay":false,"sceneViewState":{"showFog":true,"showMaterialUpdate":false,"showSkybox":true,"showFlares":true,"showImageEffects":true,"showParticleSystems":true},"in2DMode":false,"pivot":{"x":-3.091169834136963,"y":0.8884196281433106,"z":-3.235812187194824},"rotation":{"x":-0.21009767055511475,"y":-0.034604523330926898,"z":0.0074411313980817799,"w":-0.9770395159721375},"size":13.419447898864746,"orthographic":false}