{"cameraMode":{"drawMode":0,"name":"Shaded","section":"Shading Mode"},"sceneLighting":false,"audioPlay":false,"sceneViewState":{"showFog":true,"showMaterialUpdate":false,"showSkybox":true,"showFlares":true,"showImageEffects":true,"showParticleSystems":true},"in2DMode":false,"pivot":{"x":-0.2356540858745575,"y":-0.13846313953399659,"z":90.58195495605469},"rotation":{"x":-0.10062798112630844,"y":-0.014325740747153759,"z":0.001453339820727706,"w":-0.9948199391365051},"size":19.16339874267578,"orthographic":false}