{"cameraMode":{"drawMode":0,"name":"Shaded","section":"Shading Mode"},"sceneLighting":false,"audioPlay":false,"sceneViewState":{"showFog":true,"showMaterialUpdate":false,"showSkybox":true,"showFlares":true,"showImageEffects":true,"showParticleSystems":true},"in2DMode":false,"pivot":{"x":8.936323165893555,"y":-0.21108341217041017,"z":0.43595123291015627},"rotation":{"x":-0.11063628643751145,"y":-0.08873135596513748,"z":0.009917644783854485,"w":-0.9898424744606018},"size":43.646610260009769,"orthographic":false}