{"cameraMode":{"drawMode":0,"name":"Shaded","section":"Shading Mode"},"sceneLighting":false,"audioPlay":false,"sceneViewState":{"showFog":true,"showMaterialUpdate":false,"showSkybox":true,"showFlares":true,"showImageEffects":true,"showParticleSystems":true},"in2DMode":false,"pivot":{"x":16.086383819580079,"y":5.287736892700195,"z":-4.716760635375977},"rotation":{"x":0.19569425284862519,"y":0.11328688263893128,"z":-0.02276426926255226,"w":0.973833441734314},"size":35.15766143798828,"orthographic":false}