{"cameraMode":{"drawMode":0,"name":"Shaded","section":"Shading Mode"},"sceneLighting":false,"audioPlay":false,"sceneViewState":{"showFog":true,"showMaterialUpdate":false,"showSkybox":true,"showFlares":true,"showImageEffects":true,"showParticleSystems":true},"in2DMode":false,"pivot":{"x":4.658354759216309,"y":-1.38197660446167,"z":-1.431417465209961},"rotation":{"x":-0.13627469539642335,"y":-0.039519477635622028,"z":0.005440570879727602,"w":-0.989867627620697},"size":22.876453399658204,"orthographic":false}