{"cameraMode":{"drawMode":0,"name":"Shaded","section":"Shading Mode"},"sceneLighting":false,"audioPlay":false,"sceneViewState":{"showFog":true,"showMaterialUpdate":false,"showSkybox":true,"showFlares":true,"showImageEffects":true,"showParticleSystems":true},"in2DMode":false,"pivot":{"x":7.999617099761963,"y":-1.8475481271743775,"z":3.774628162384033},"rotation":{"x":-0.001807668711990118,"y":-0.033893436193466189,"z":0.00006559161556651816,"w":-0.9994238615036011},"size":12.006031036376954,"orthographic":false}