{"cameraMode":{"drawMode":0,"name":"Shaded","section":"Shading Mode"},"sceneLighting":false,"audioPlay":false,"sceneViewState":{"showFog":true,"showMaterialUpdate":false,"showSkybox":true,"showFlares":true,"showImageEffects":true,"showParticleSystems":true},"in2DMode":false,"pivot":{"x":-0.07664847373962403,"y":9.48126220703125,"z":-0.3716621398925781},"rotation":{"x":-0.07193838059902191,"y":-0.09203029423952103,"z":0.006666321307420731,"w":-0.9931318759918213},"size":13.683077812194825,"orthographic":false}