{"cameraMode":{"drawMode":0,"name":"Shaded","section":"Shading Mode"},"sceneLighting":false,"audioPlay":false,"sceneViewState":{"showFog":true,"showMaterialUpdate":false,"showSkybox":true,"showFlares":true,"showImageEffects":true,"showParticleSystems":true},"in2DMode":false,"pivot":{"x":8.468125343322754,"y":-1.7905062437057496,"z":-0.3948020935058594},"rotation":{"x":-0.028744475916028024,"y":0.06502737104892731,"z":-0.0018697594059631229,"w":-0.9974676966667175},"size":8.572750091552735,"orthographic":false}