{"cameraMode":{"drawMode":0,"name":"Shaded","section":"Shading Mode"},"sceneLighting":false,"audioPlay":false,"sceneViewState":{"showFog":true,"showMaterialUpdate":false,"showSkybox":true,"showFlares":true,"showImageEffects":true,"showParticleSystems":true},"in2DMode":false,"pivot":{"x":16.813810348510743,"y":1.4564297199249268,"z":0.048882484436035159},"rotation":{"x":0.12596891820430757,"y":0.010403905995190144,"z":-0.001342206378467381,"w":0.9919787645339966},"size":40.85799789428711,"orthographic":false}