{"cameraMode":{"drawMode":0,"name":"Shaded","section":"Shading Mode"},"sceneLighting":false,"audioPlay":false,"sceneViewState":{"showFog":true,"showMaterialUpdate":false,"showSkybox":true,"showFlares":true,"showImageEffects":true,"showParticleSystems":true},"in2DMode":false,"pivot":{"x":0.2520829141139984,"y":0.4506717622280121,"z":1.047810673713684},"rotation":{"x":0.2630156874656677,"y":-0.3642213046550751,"z":0.10801950097084046,"w":0.8868469595909119},"size":7.561448574066162,"orthographic":false}