{"cameraMode":{"drawMode":0,"name":"Shaded","section":"Shading Mode"},"sceneLighting":false,"audioPlay":false,"sceneViewState":{"showFog":true,"showMaterialUpdate":false,"showSkybox":true,"showFlares":true,"showImageEffects":true,"showParticleSystems":true},"in2DMode":false,"pivot":{"x":0.550795316696167,"y":6.3424553871154789,"z":-1.6303659677505494},"rotation":{"x":0.09168203175067902,"y":0.0018025862518697978,"z":-0.00016507285181432962,"w":0.995786726474762},"size":4.72886323928833,"orthographic":false}