{"cameraMode":{"drawMode":0,"name":"Shaded","section":"Shading Mode"},"sceneLighting":false,"audioPlay":false,"sceneViewState":{"showFog":true,"showMaterialUpdate":false,"showSkybox":true,"showFlares":true,"showImageEffects":true,"showParticleSystems":true},"in2DMode":false,"pivot":{"x":35.1090087890625,"y":37.4615478515625,"z":-52.98277282714844},"rotation":{"x":0.007738366257399321,"y":-0.9334374666213989,"z":0.3580889403820038,"w":0.020171238109469415},"size":5833.630859375,"orthographic":false}