{"cameraMode":{"drawMode":0,"name":"Shaded","section":"Shading Mode"},"sceneLighting":false,"audioPlay":false,"sceneViewState":{"showFog":true,"showMaterialUpdate":false,"showSkybox":true,"showFlares":true,"showImageEffects":true,"showParticleSystems":true},"in2DMode":false,"pivot":{"x":-3.2408447265625,"y":-1.8293172121047974,"z":-1.015069603919983},"rotation":{"x":-0.09310054033994675,"y":-0.03971878066658974,"z":0.0037164564710110428,"w":-0.9948572516441345},"size":18.50410270690918,"orthographic":false}