{"cameraMode":{"drawMode":0,"name":"Shaded","section":"Shading Mode"},"sceneLighting":false,"audioPlay":false,"sceneViewState":{"showFog":true,"showMaterialUpdate":false,"showSkybox":true,"showFlares":true,"showImageEffects":true,"showParticleSystems":true},"in2DMode":false,"pivot":{"x":-1.421522855758667,"y":7.815478324890137,"z":3.0811214447021486},"rotation":{"x":0.004006065893918276,"y":-0.5671160221099854,"z":0.002664085477590561,"w":0.8236239552497864},"size":27.99302101135254,"orthographic":false}