{"cameraMode":{"drawMode":0,"name":"Shaded","section":"Shading Mode"},"sceneLighting":false,"audioPlay":false,"sceneViewState":{"showFog":true,"showMaterialUpdate":false,"showSkybox":true,"showFlares":true,"showImageEffects":true,"showParticleSystems":true},"in2DMode":false,"pivot":{"x":5.143966197967529,"y":-0.12081432342529297,"z":1.1422576904296876},"rotation":{"x":-0.11063628643751145,"y":-0.08873135596513748,"z":0.009917644783854485,"w":-0.9898424744606018},"size":32.459686279296878,"orthographic":false}